name,gender,email,is_active
Adrienne,male,Dixie_Tromp86@hotmail.com,1
Allasani Peddana,female,allasani.peddan@15ce.com,1
API Monitoring:51a9wj,male,apimonitoring51a9wj@synthetic.com,1
Sushree,female,shre4166e@email.com,1
Ms. Dhanu Malikhh,male,ms_dhanu_malik@reinger.co,1
John Shoe,female,sawjohn@walsoft.com,0
Tioss,male,tio@email.comas,1
Mili Mittar,female,test487@hotmail.com,1
Tiago Barbosa Vencio,male,tiago@gmail.com,1
Allasani Peddana,male,allasani.peddana@15ce.com,1
Gretchen Hauck MD,male,Brooklyn53@hotmail.com,1
Mounika39,male,f@gmail.com,0
API Monitoring:ofkcv,male,apimonitoringofkcv@synthetic.com,1
Maikon Pinto,male,maikon@hotmail.com,1
Ken Tester,male,Test@gmail.com,1
name1634559042,male,test1634559042@academy.com,1
name1634559084,male,test1634559084@academy.com,1
name1634559117,male,test1634559117@academy.com,1
Mina Kaniyar CPA,female,cpa_mina_kaniyar@willms.co,0
Dharitri Talwar,male,talwar_dharitri@jakubowski.net,1
